pelvic_incidence,pelvic_tilt,lumbar_lordosis_angle,sacral_slope,pelvic_radius,degree_spondylolisthesis,class
63.02782,22.552586,39.60912,40.47523,98.67292,-0.254400,Hernia
39.05695,10.060991,25.01538,28.99596,114.40543,4.564259,Hernia
68.83202,22.218482,50.09219,46.61354,105.98514,-3.530317,Hernia
69.29701,24.652878,44.31124,44.64413,101.86850,11.211523,Hernia
49.71286,9.652075,28.31741,40.06078,108.16872,7.918501,Hernia
40.25020,13.921907,25.12495,26.32829,130.32787,2.230652,Hernia